{"cameraMode":{"drawMode":0,"name":"Shaded","section":"Shading Mode"},"sceneLighting":true,"audioPlay":false,"sceneViewState":{"m_AlwaysRefresh":false,"showFog":true,"showSkybox":true,"showFlares":true,"showImageEffects":true,"showParticleSystems":true,"showVisualEffectGraphs":true,"m_FxEnabled":true},"in2DMode":false,"pivot":{"x":40.813743591308597,"y":297.87847900390627,"z":-250.0152587890625},"rotation":{"x":-0.006375163793563843,"y":0.9576327800750732,"z":-0.28713634610176089,"w":-0.021262098103761674},"size":647.267822265625,"orthographic":false}